claim_id,food_id,receiver_id,status,timestamp,claim_date,claim_time,weekday
1,164,908,Pending,2025-05-03 05:26:00,2025-05-03,05:26:00,Saturday
2,353,391,Cancelled,2025-11-03 10:24:00,2025-11-03,10:24:00,Monday
3,626,492,Completed,2025-03-21 00:59:00,2025-03-21,00:59:00,Friday
4,61,933,Cancelled,2025-04-03 09:08:00,2025-04-03,09:08:00,Thursday
5,345,229,Pending,2025-03-14 15:17:00,2025-03-14,15:17:00,Friday
6,273,607,Cancelled,2025-02-03 02:50:00,2025-02-03,02:50:00,Monday
7,735,256,Cancelled,2025-07-03 23:58:00,2025-07-03,23:58:00,Thursday
8,382,900,Pending,2025-05-03 07:07:00,2025-05-03,07:07:00,Saturday
9,278,807,Completed,2025-03-18 02:26:00,2025-03-18,02:26:00,Tuesday
10,669,975,Completed,2025-06-03 19:57:00,2025-06-03,19:57:00,Tuesday
11,290,118,Pending,2025-04-03 23:01:00,2025-04-03,23:01:00,Thursday
12,694,739,Completed,2025-01-03 21:55:00,2025-01-03,21:55:00,Friday
13,951,959,Pending,2025-08-03 13:08:00,2025-08-03,13:08:00,Sunday
14,426,233,Cancelled,2025-08-03 16:08:00,2025-08-03,16:08:00,Sunday
15,684,97,Completed,2025-07-03 08:00:00,2025-07-03,08:00:00,Thursday
16,320,836,Cancelled,2025-07-03 06:17:00,2025-07-03,06:17:00,Thursday
17,465,588,Cancelled,2025-03-15 16:49:00,2025-03-15,16:49:00,Saturday
18,952,729,Completed,2025-09-03 02:04:00,2025-09-03,02:04:00,Wednesday
19,798,399,Pending,2025-03-16 06:32:00,2025-03-16,06:32:00,Sunday
20,792,88,Completed,2025-07-03 12:15:00,2025-07-03,12:15:00,Thursday
21,281,493,Completed,2025-04-03 00:29:00,2025-04-03,00:29:00,Thursday
22,345,757,Pending,2025-09-03 03:11:00,2025-09-03,03:11:00,Wednesday
23,674,526,Completed,2025-06-03 22:55:00,2025-06-03,22:55:00,Tuesday
24,594,717,Pending,2025-03-15 00:51:00,2025-03-15,00:51:00,Saturday
25,371,10,Completed,2025-10-03 07:10:00,2025-10-03,07:10:00,Friday
26,959,233,Cancelled,2025-03-21 04:34:00,2025-03-21,04:34:00,Friday
27,58,487,Completed,2025-03-17 05:07:00,2025-03-17,05:07:00,Monday
28,586,189,Pending,2025-03-19 04:15:00,2025-03-19,04:15:00,Wednesday
29,812,769,Pending,2025-03-14 17:09:00,2025-03-14,17:09:00,Friday
30,193,228,Pending,2025-07-03 04:05:00,2025-07-03,04:05:00,Thursday
31,937,546,Completed,2025-03-03 02:06:00,2025-03-03,02:06:00,Monday
32,624,371,Cancelled,2025-03-17 12:57:00,2025-03-17,12:57:00,Monday
33,905,386,Cancelled,2025-03-16 14:26:00,2025-03-16,14:26:00,Sunday
34,713,271,Pending,2025-03-18 01:17:00,2025-03-18,01:17:00,Tuesday
35,190,93,Cancelled,2025-09-03 21:40:00,2025-09-03,21:40:00,Wednesday
36,597,562,Pending,2025-03-16 03:41:00,2025-03-16,03:41:00,Sunday
37,832,920,Cancelled,2025-03-13 03:50:00,2025-03-13,03:50:00,Thursday
38,757,380,Cancelled,2025-03-18 05:29:00,2025-03-18,05:29:00,Tuesday
39,58,923,Pending,2025-12-03 09:57:00,2025-12-03,09:57:00,Wednesday
40,141,789,Pending,2025-10-03 04:14:00,2025-10-03,04:14:00,Friday
41,415,336,Pending,2025-03-18 04:33:00,2025-03-18,04:33:00,Tuesday
42,886,256,Pending,2025-07-03 12:22:00,2025-07-03,12:22:00,Thursday
43,611,306,Pending,2025-03-16 17:08:00,2025-03-16,17:08:00,Sunday
44,825,31,Pending,2025-09-03 13:02:00,2025-09-03,13:02:00,Wednesday
45,457,569,Completed,2025-03-13 07:07:00,2025-03-13,07:07:00,Thursday
46,556,412,Cancelled,2025-12-03 02:30:00,2025-12-03,02:30:00,Wednesday
47,746,48,Pending,2025-07-03 10:45:00,2025-07-03,10:45:00,Thursday
48,895,373,Pending,2025-09-03 23:13:00,2025-09-03,23:13:00,Wednesday
49,190,678,Pending,2025-03-20 13:44:00,2025-03-20,13:44:00,Thursday
50,251,804,Pending,2025-03-19 13:18:00,2025-03-19,13:18:00,Wednesday
51,543,255,Pending,2025-04-03 10:59:00,2025-04-03,10:59:00,Thursday
52,507,517,Cancelled,2025-03-15 14:58:00,2025-03-15,14:58:00,Saturday
53,37,449,Completed,2025-11-03 09:43:00,2025-11-03,09:43:00,Monday
54,534,737,Cancelled,2025-06-03 01:44:00,2025-06-03,01:44:00,Tuesday
55,438,601,Completed,2025-09-03 00:13:00,2025-09-03,00:13:00,Wednesday
56,690,452,Completed,2025-03-17 14:29:00,2025-03-17,14:29:00,Monday
57,225,295,Completed,2025-11-03 21:44:00,2025-11-03,21:44:00,Monday
58,258,149,Completed,2025-03-13 15:12:00,2025-03-13,15:12:00,Thursday
59,797,371,Cancelled,2025-02-03 23:28:00,2025-02-03,23:28:00,Monday
60,390,391,Pending,2025-03-16 15:03:00,2025-03-16,15:03:00,Sunday
61,990,550,Cancelled,2025-08-03 21:06:00,2025-08-03,21:06:00,Sunday
62,258,678,Pending,2025-03-17 14:07:00,2025-03-17,14:07:00,Monday
63,119,279,Pending,2025-08-03 21:30:00,2025-08-03,21:30:00,Sunday
64,771,90,Completed,2025-03-17 13:38:00,2025-03-17,13:38:00,Monday
65,424,532,Cancelled,2025-03-15 15:00:00,2025-03-15,15:00:00,Saturday
66,310,730,Cancelled,2025-11-03 19:22:00,2025-11-03,19:22:00,Monday
67,486,817,Completed,2025-03-17 17:22:00,2025-03-17,17:22:00,Monday
68,526,321,Pending,2025-02-03 04:49:00,2025-02-03,04:49:00,Monday
69,321,45,Completed,2025-10-03 06:15:00,2025-10-03,06:15:00,Friday
70,203,479,Completed,2025-03-19 15:41:00,2025-03-19,15:41:00,Wednesday
71,538,897,Cancelled,2025-02-03 15:34:00,2025-02-03,15:34:00,Monday
72,851,44,Completed,2025-04-03 10:49:00,2025-04-03,10:49:00,Thursday
73,708,222,Pending,2025-05-03 23:42:00,2025-05-03,23:42:00,Saturday
74,487,62,Cancelled,2025-02-03 13:20:00,2025-02-03,13:20:00,Monday
75,909,161,Cancelled,2025-06-03 11:44:00,2025-06-03,11:44:00,Tuesday
76,877,185,Completed,2025-03-13 22:38:00,2025-03-13,22:38:00,Thursday
77,65,324,Completed,2025-04-03 22:57:00,2025-04-03,22:57:00,Thursday
78,504,151,Completed,2025-03-15 13:41:00,2025-03-15,13:41:00,Saturday
79,188,795,Cancelled,2025-03-03 01:13:00,2025-03-03,01:13:00,Monday
80,153,35,Pending,2025-03-21 01:58:00,2025-03-21,01:58:00,Friday
81,964,876,Completed,2025-03-03 09:13:00,2025-03-03,09:13:00,Monday
82,641,638,Pending,2025-09-03 13:21:00,2025-09-03,13:21:00,Wednesday
83,805,695,Completed,2025-03-18 19:37:00,2025-03-18,19:37:00,Tuesday
84,925,554,Pending,2025-09-03 02:10:00,2025-09-03,02:10:00,Wednesday
85,197,624,Completed,2025-01-03 09:52:00,2025-01-03,09:52:00,Friday
86,790,425,Cancelled,2025-02-03 09:25:00,2025-02-03,09:25:00,Monday
87,829,918,Completed,2025-03-13 10:50:00,2025-03-13,10:50:00,Thursday
88,233,310,Completed,2025-03-03 02:47:00,2025-03-03,02:47:00,Monday
89,912,632,Cancelled,2025-05-03 20:34:00,2025-05-03,20:34:00,Saturday
90,378,27,Completed,2025-04-03 16:53:00,2025-04-03,16:53:00,Thursday
91,251,373,Completed,2025-03-18 18:10:00,2025-03-18,18:10:00,Tuesday
92,136,65,Pending,2025-07-03 11:12:00,2025-07-03,11:12:00,Thursday
93,600,129,Pending,2025-03-16 11:30:00,2025-03-16,11:30:00,Sunday
94,505,523,Cancelled,2025-03-19 05:04:00,2025-03-19,05:04:00,Wednesday
95,673,352,Cancelled,2025-11-03 10:52:00,2025-11-03,10:52:00,Monday
96,937,500,Completed,2025-03-17 07:56:00,2025-03-17,07:56:00,Monday
97,381,802,Pending,2025-02-03 02:12:00,2025-02-03,02:12:00,Monday
98,741,116,Cancelled,2025-03-13 13:30:00,2025-03-13,13:30:00,Thursday
99,101,995,Completed,2025-01-03 02:21:00,2025-01-03,02:21:00,Friday
100,101,892,Pending,2025-03-19 19:11:00,2025-03-19,19:11:00,Wednesday
101,16,654,Cancelled,2025-07-03 02:19:00,2025-07-03,02:19:00,Thursday
102,110,772,Completed,2025-03-16 06:03:00,2025-03-16,06:03:00,Sunday
103,463,423,Completed,2025-07-03 12:06:00,2025-07-03,12:06:00,Thursday
104,882,52,Completed,2025-05-03 00:36:00,2025-05-03,00:36:00,Saturday
105,89,619,Completed,2025-03-15 23:07:00,2025-03-15,23:07:00,Saturday
106,674,589,Cancelled,2025-06-03 03:27:00,2025-06-03,03:27:00,Tuesday
107,374,467,Completed,2025-03-21 00:40:00,2025-03-21,00:40:00,Friday
108,786,909,Pending,2025-08-03 09:17:00,2025-08-03,09:17:00,Sunday
109,696,923,Pending,2025-03-15 16:28:00,2025-03-15,16:28:00,Saturday
110,469,196,Pending,2025-01-03 00:09:00,2025-01-03,00:09:00,Friday
111,214,723,Pending,2025-03-14 11:40:00,2025-03-14,11:40:00,Friday
112,984,970,Pending,2025-04-03 22:00:00,2025-04-03,22:00:00,Thursday
113,913,855,Pending,2025-01-03 23:11:00,2025-01-03,23:11:00,Friday
114,870,840,Completed,2025-06-03 10:36:00,2025-06-03,10:36:00,Tuesday
115,663,957,Pending,2025-05-03 00:19:00,2025-05-03,00:19:00,Saturday
116,162,908,Pending,2025-03-16 17:02:00,2025-03-16,17:02:00,Sunday
117,864,384,Pending,2025-10-03 01:30:00,2025-10-03,01:30:00,Friday
118,108,927,Cancelled,2025-07-03 04:56:00,2025-07-03,04:56:00,Thursday
119,56,75,Cancelled,2025-03-18 15:38:00,2025-03-18,15:38:00,Tuesday
120,233,101,Pending,2025-10-03 23:33:00,2025-10-03,23:33:00,Friday
121,460,560,Completed,2025-03-14 11:44:00,2025-03-14,11:44:00,Friday
122,160,292,Cancelled,2025-03-15 00:40:00,2025-03-15,00:40:00,Saturday
123,715,529,Completed,2025-03-20 13:50:00,2025-03-20,13:50:00,Thursday
124,252,303,Cancelled,2025-03-20 06:55:00,2025-03-20,06:55:00,Thursday
125,765,329,Pending,2025-03-18 21:40:00,2025-03-18,21:40:00,Tuesday
126,202,499,Completed,2025-11-03 16:19:00,2025-11-03,16:19:00,Monday
127,463,865,Completed,2025-12-03 16:00:00,2025-12-03,16:00:00,Wednesday
128,589,100,Cancelled,2025-10-03 19:29:00,2025-10-03,19:29:00,Friday
129,318,555,Pending,2025-03-03 15:50:00,2025-03-03,15:50:00,Monday
130,660,608,Cancelled,2025-03-13 08:51:00,2025-03-13,08:51:00,Thursday
131,640,184,Cancelled,2025-07-03 05:12:00,2025-07-03,05:12:00,Thursday
132,640,835,Cancelled,2025-06-03 02:44:00,2025-06-03,02:44:00,Tuesday
133,109,866,Pending,2025-10-03 13:34:00,2025-10-03,13:34:00,Friday
134,650,404,Pending,2025-03-18 00:37:00,2025-03-18,00:37:00,Tuesday
135,256,12,Cancelled,2025-06-03 19:49:00,2025-06-03,19:49:00,Tuesday
136,493,3,Pending,2025-03-16 22:58:00,2025-03-16,22:58:00,Sunday
137,46,548,Completed,2025-06-03 03:22:00,2025-06-03,03:22:00,Tuesday
138,648,392,Cancelled,2025-02-03 19:39:00,2025-02-03,19:39:00,Monday
139,668,831,Completed,2025-02-03 01:08:00,2025-02-03,01:08:00,Monday
140,548,168,Completed,2025-03-18 01:19:00,2025-03-18,01:19:00,Tuesday
141,149,985,Pending,2025-03-03 20:25:00,2025-03-03,20:25:00,Monday
142,782,128,Cancelled,2025-03-16 10:00:00,2025-03-16,10:00:00,Sunday
143,9,936,Completed,2025-05-03 11:36:00,2025-05-03,11:36:00,Saturday
144,457,390,Cancelled,2025-12-03 14:06:00,2025-12-03,14:06:00,Wednesday
145,114,695,Pending,2025-03-13 05:28:00,2025-03-13,05:28:00,Thursday
146,769,420,Completed,2025-08-03 01:42:00,2025-08-03,01:42:00,Sunday
147,795,462,Completed,2025-02-03 13:48:00,2025-02-03,13:48:00,Monday
148,174,612,Completed,2025-10-03 04:52:00,2025-10-03,04:52:00,Friday
149,909,763,Cancelled,2025-03-17 15:13:00,2025-03-17,15:13:00,Monday
150,991,107,Cancelled,2025-03-03 13:37:00,2025-03-03,13:37:00,Monday
151,359,419,Completed,2025-12-03 05:30:00,2025-12-03,05:30:00,Wednesday
152,797,988,Pending,2025-06-03 03:51:00,2025-06-03,03:51:00,Tuesday
153,582,58,Cancelled,2025-07-03 16:14:00,2025-07-03,16:14:00,Thursday
154,495,285,Pending,2025-03-20 12:04:00,2025-03-20,12:04:00,Thursday
155,413,272,Completed,2025-03-17 08:27:00,2025-03-17,08:27:00,Monday
156,870,666,Completed,2025-03-16 05:59:00,2025-03-16,05:59:00,Sunday
157,557,600,Completed,2025-03-16 14:13:00,2025-03-16,14:13:00,Sunday
158,297,331,Cancelled,2025-03-15 00:35:00,2025-03-15,00:35:00,Saturday
159,496,420,Completed,2025-12-03 15:27:00,2025-12-03,15:27:00,Wednesday
160,446,566,Completed,2025-03-19 19:48:00,2025-03-19,19:48:00,Wednesday
161,579,901,Pending,2025-03-14 22:58:00,2025-03-14,22:58:00,Friday
162,427,337,Completed,2025-03-15 10:31:00,2025-03-15,10:31:00,Saturday
163,67,302,Cancelled,2025-02-03 09:04:00,2025-02-03,09:04:00,Monday
164,918,35,Pending,2025-04-03 03:24:00,2025-04-03,03:24:00,Thursday
165,616,254,Pending,2025-11-03 04:53:00,2025-11-03,04:53:00,Monday
166,19,297,Completed,2025-03-03 23:05:00,2025-03-03,23:05:00,Monday
167,873,63,Completed,2025-03-20 01:38:00,2025-03-20,01:38:00,Thursday
168,609,440,Completed,2025-01-03 16:18:00,2025-01-03,16:18:00,Friday
169,188,353,Completed,2025-08-03 00:38:00,2025-08-03,00:38:00,Sunday
170,157,374,Pending,2025-05-03 19:34:00,2025-05-03,19:34:00,Saturday
171,290,134,Pending,2025-02-03 17:02:00,2025-02-03,17:02:00,Monday
172,226,140,Cancelled,2025-03-21 02:08:00,2025-03-21,02:08:00,Friday
173,504,390,Completed,2025-03-18 06:41:00,2025-03-18,06:41:00,Tuesday
174,277,947,Cancelled,2025-03-03 18:22:00,2025-03-03,18:22:00,Monday
175,813,745,Pending,2025-07-03 21:27:00,2025-07-03,21:27:00,Thursday
176,35,276,Cancelled,2025-12-03 01:34:00,2025-12-03,01:34:00,Wednesday
177,425,96,Cancelled,2025-04-03 20:52:00,2025-04-03,20:52:00,Thursday
178,437,262,Cancelled,2025-05-03 05:55:00,2025-05-03,05:55:00,Saturday
179,787,339,Completed,2025-09-03 09:23:00,2025-09-03,09:23:00,Wednesday
180,644,983,Pending,2025-05-03 01:27:00,2025-05-03,01:27:00,Saturday
181,465,996,Pending,2025-03-16 09:20:00,2025-03-16,09:20:00,Sunday
182,579,342,Pending,2025-03-19 01:41:00,2025-03-19,01:41:00,Wednesday
183,879,382,Cancelled,2025-03-13 12:37:00,2025-03-13,12:37:00,Thursday
184,80,50,Cancelled,2025-02-03 04:01:00,2025-02-03,04:01:00,Monday
185,486,585,Pending,2025-03-21 04:05:00,2025-03-21,04:05:00,Friday
186,153,475,Pending,2025-11-03 21:04:00,2025-11-03,21:04:00,Monday
187,381,344,Pending,2025-03-03 12:36:00,2025-03-03,12:36:00,Monday
188,896,648,Pending,2025-11-03 22:19:00,2025-11-03,22:19:00,Monday
189,152,45,Completed,2025-03-13 09:32:00,2025-03-13,09:32:00,Thursday
190,152,550,Pending,2025-03-20 09:21:00,2025-03-20,09:21:00,Thursday
191,206,448,Completed,2025-10-03 11:59:00,2025-10-03,11:59:00,Friday
192,335,246,Completed,2025-02-03 10:05:00,2025-02-03,10:05:00,Monday
193,670,601,Completed,2025-03-03 02:13:00,2025-03-03,02:13:00,Monday
194,771,726,Cancelled,2025-03-15 09:44:00,2025-03-15,09:44:00,Saturday
195,40,294,Completed,2025-03-15 20:49:00,2025-03-15,20:49:00,Saturday
196,111,416,Completed,2025-03-20 19:37:00,2025-03-20,19:37:00,Thursday
197,418,324,Cancelled,2025-03-03 21:41:00,2025-03-03,21:41:00,Monday
198,985,495,Completed,2025-04-03 01:17:00,2025-04-03,01:17:00,Thursday
199,913,439,Cancelled,2025-09-03 03:22:00,2025-09-03,03:22:00,Wednesday
200,97,350,Completed,2025-08-03 21:48:00,2025-08-03,21:48:00,Sunday
201,671,94,Completed,2025-03-17 19:09:00,2025-03-17,19:09:00,Monday
202,415,917,Cancelled,2025-03-18 08:50:00,2025-03-18,08:50:00,Tuesday
203,179,949,Completed,2025-03-16 13:08:00,2025-03-16,13:08:00,Sunday
204,824,571,Pending,2025-03-18 04:10:00,2025-03-18,04:10:00,Tuesday
205,915,531,Cancelled,2025-03-14 03:27:00,2025-03-14,03:27:00,Friday
206,94,747,Completed,2025-06-03 16:41:00,2025-06-03,16:41:00,Tuesday
207,937,398,Completed,2025-03-18 16:07:00,2025-03-18,16:07:00,Tuesday
208,166,874,Pending,2025-09-03 07:30:00,2025-09-03,07:30:00,Wednesday
209,893,594,Cancelled,2025-12-03 23:25:00,2025-12-03,23:25:00,Wednesday
210,813,388,Pending,2025-11-03 22:06:00,2025-11-03,22:06:00,Monday
211,406,787,Pending,2025-02-03 12:10:00,2025-02-03,12:10:00,Monday
212,603,382,Completed,2025-08-03 00:30:00,2025-08-03,00:30:00,Sunday
213,227,631,Cancelled,2025-09-03 09:19:00,2025-09-03,09:19:00,Wednesday
214,479,893,Pending,2025-07-03 08:09:00,2025-07-03,08:09:00,Thursday
215,33,762,Cancelled,2025-08-03 11:37:00,2025-08-03,11:37:00,Sunday
216,794,685,Pending,2025-03-17 23:16:00,2025-03-17,23:16:00,Monday
217,998,590,Completed,2025-06-03 08:04:00,2025-06-03,08:04:00,Tuesday
218,523,176,Pending,2025-06-03 20:46:00,2025-06-03,20:46:00,Tuesday
219,488,255,Pending,2025-03-03 08:55:00,2025-03-03,08:55:00,Monday
220,374,27,Cancelled,2025-02-03 23:05:00,2025-02-03,23:05:00,Monday
221,837,745,Cancelled,2025-01-03 23:38:00,2025-01-03,23:38:00,Friday
222,550,747,Pending,2025-03-14 23:06:00,2025-03-14,23:06:00,Friday
223,486,407,Cancelled,2025-08-03 19:20:00,2025-08-03,19:20:00,Sunday
224,924,893,Cancelled,2025-01-03 16:48:00,2025-01-03,16:48:00,Friday
225,217,850,Cancelled,2025-03-20 20:00:00,2025-03-20,20:00:00,Thursday
226,981,221,Completed,2025-10-03 14:59:00,2025-10-03,14:59:00,Friday
227,925,480,Completed,2025-06-03 05:40:00,2025-06-03,05:40:00,Tuesday
228,325,607,Pending,2025-10-03 10:07:00,2025-10-03,10:07:00,Friday
229,69,407,Completed,2025-03-19 23:40:00,2025-03-19,23:40:00,Wednesday
230,915,686,Pending,2025-03-20 04:11:00,2025-03-20,04:11:00,Thursday
231,208,281,Pending,2025-03-15 22:39:00,2025-03-15,22:39:00,Saturday
232,250,856,Cancelled,2025-03-17 04:43:00,2025-03-17,04:43:00,Monday
233,922,858,Pending,2025-03-19 18:07:00,2025-03-19,18:07:00,Wednesday
234,312,838,Pending,2025-03-17 06:35:00,2025-03-17,06:35:00,Monday
235,135,529,Cancelled,2025-10-03 15:40:00,2025-10-03,15:40:00,Friday
236,327,301,Completed,2025-03-13 19:29:00,2025-03-13,19:29:00,Thursday
237,507,112,Cancelled,2025-12-03 00:27:00,2025-12-03,00:27:00,Wednesday
238,572,728,Cancelled,2025-03-20 15:24:00,2025-03-20,15:24:00,Thursday
239,589,4,Pending,2025-01-03 21:11:00,2025-01-03,21:11:00,Friday
240,183,970,Completed,2025-03-14 12:59:00,2025-03-14,12:59:00,Friday
241,558,103,Completed,2025-12-03 02:23:00,2025-12-03,02:23:00,Wednesday
242,380,154,Cancelled,2025-06-03 13:16:00,2025-06-03,13:16:00,Tuesday
243,69,98,Cancelled,2025-03-13 02:42:00,2025-03-13,02:42:00,Thursday
244,163,250,Cancelled,2025-11-03 02:32:00,2025-11-03,02:32:00,Monday
245,725,701,Pending,2025-03-18 16:16:00,2025-03-18,16:16:00,Tuesday
246,615,489,Completed,2025-10-03 05:50:00,2025-10-03,05:50:00,Friday
247,861,138,Completed,2025-12-03 07:34:00,2025-12-03,07:34:00,Wednesday
248,458,321,Pending,2025-09-03 03:12:00,2025-09-03,03:12:00,Wednesday
249,810,541,Completed,2025-03-16 09:29:00,2025-03-16,09:29:00,Sunday
250,475,201,Cancelled,2025-03-19 21:41:00,2025-03-19,21:41:00,Wednesday
251,832,926,Cancelled,2025-01-03 15:16:00,2025-01-03,15:16:00,Friday
252,544,242,Completed,2025-03-20 03:22:00,2025-03-20,03:22:00,Thursday
253,323,863,Cancelled,2025-10-03 10:56:00,2025-10-03,10:56:00,Friday
254,940,1,Completed,2025-04-03 03:59:00,2025-04-03,03:59:00,Thursday
255,256,438,Pending,2025-03-18 17:31:00,2025-03-18,17:31:00,Tuesday
256,822,47,Completed,2025-03-19 08:03:00,2025-03-19,08:03:00,Wednesday
257,191,555,Completed,2025-04-03 02:28:00,2025-04-03,02:28:00,Thursday
258,520,939,Cancelled,2025-03-03 06:16:00,2025-03-03,06:16:00,Monday
259,467,517,Pending,2025-07-03 13:30:00,2025-07-03,13:30:00,Thursday
260,137,173,Pending,2025-05-03 15:11:00,2025-05-03,15:11:00,Saturday
261,602,735,Pending,2025-03-13 13:58:00,2025-03-13,13:58:00,Thursday
262,188,706,Completed,2025-03-16 00:40:00,2025-03-16,00:40:00,Sunday
263,22,800,Completed,2025-03-16 09:37:00,2025-03-16,09:37:00,Sunday
264,496,59,Cancelled,2025-03-03 13:21:00,2025-03-03,13:21:00,Monday
265,92,103,Cancelled,2025-03-15 07:39:00,2025-03-15,07:39:00,Saturday
266,367,376,Completed,2025-02-03 07:07:00,2025-02-03,07:07:00,Monday
267,518,382,Cancelled,2025-11-03 01:30:00,2025-11-03,01:30:00,Monday
268,738,317,Pending,2025-03-16 11:58:00,2025-03-16,11:58:00,Sunday
269,73,880,Completed,2025-03-13 14:01:00,2025-03-13,14:01:00,Thursday
270,568,477,Completed,2025-03-17 09:23:00,2025-03-17,09:23:00,Monday
271,160,442,Cancelled,2025-06-03 12:00:00,2025-06-03,12:00:00,Tuesday
272,417,906,Cancelled,2025-03-18 04:45:00,2025-03-18,04:45:00,Tuesday
273,870,172,Pending,2025-03-19 00:34:00,2025-03-19,00:34:00,Wednesday
274,304,481,Pending,2025-03-15 22:55:00,2025-03-15,22:55:00,Saturday
275,906,849,Completed,2025-02-03 11:36:00,2025-02-03,11:36:00,Monday
276,786,538,Completed,2025-03-16 11:54:00,2025-03-16,11:54:00,Sunday
277,766,109,Completed,2025-09-03 12:24:00,2025-09-03,12:24:00,Wednesday
278,258,360,Pending,2025-03-14 03:18:00,2025-03-14,03:18:00,Friday
279,531,808,Pending,2025-03-13 17:05:00,2025-03-13,17:05:00,Thursday
280,150,282,Cancelled,2025-01-03 12:21:00,2025-01-03,12:21:00,Friday
281,483,718,Cancelled,2025-12-03 17:17:00,2025-12-03,17:17:00,Wednesday
282,161,298,Cancelled,2025-03-14 07:06:00,2025-03-14,07:06:00,Friday
283,97,102,Pending,2025-07-03 08:11:00,2025-07-03,08:11:00,Thursday
284,554,702,Pending,2025-03-19 08:45:00,2025-03-19,08:45:00,Wednesday
285,387,213,Completed,2025-03-18 14:32:00,2025-03-18,14:32:00,Tuesday
286,335,602,Pending,2025-03-18 20:45:00,2025-03-18,20:45:00,Tuesday
287,952,42,Cancelled,2025-03-18 02:15:00,2025-03-18,02:15:00,Tuesday
288,63,964,Completed,2025-03-19 02:29:00,2025-03-19,02:29:00,Wednesday
289,573,86,Pending,2025-03-17 02:03:00,2025-03-17,02:03:00,Monday
290,664,500,Cancelled,2025-08-03 12:13:00,2025-08-03,12:13:00,Sunday
291,886,375,Completed,2025-06-03 07:49:00,2025-06-03,07:49:00,Tuesday
292,190,413,Completed,2025-03-13 20:27:00,2025-03-13,20:27:00,Thursday
293,721,837,Completed,2025-09-03 13:31:00,2025-09-03,13:31:00,Wednesday
294,662,118,Pending,2025-03-18 06:45:00,2025-03-18,06:45:00,Tuesday
295,25,493,Pending,2025-03-13 18:39:00,2025-03-13,18:39:00,Thursday
296,940,158,Cancelled,2025-07-03 18:01:00,2025-07-03,18:01:00,Thursday
297,494,454,Completed,2025-03-14 17:04:00,2025-03-14,17:04:00,Friday
298,96,595,Cancelled,2025-03-19 06:08:00,2025-03-19,06:08:00,Wednesday
299,911,319,Pending,2025-01-03 03:03:00,2025-01-03,03:03:00,Friday
300,81,645,Pending,2025-03-14 16:21:00,2025-03-14,16:21:00,Friday
301,489,287,Cancelled,2025-02-03 07:53:00,2025-02-03,07:53:00,Monday
302,633,774,Pending,2025-03-03 18:50:00,2025-03-03,18:50:00,Monday
303,358,66,Cancelled,2025-03-03 12:42:00,2025-03-03,12:42:00,Monday
304,763,883,Pending,2025-12-03 00:49:00,2025-12-03,00:49:00,Wednesday
305,464,759,Pending,2025-03-17 18:55:00,2025-03-17,18:55:00,Monday
306,651,703,Pending,2025-05-03 00:09:00,2025-05-03,00:09:00,Saturday
307,610,34,Pending,2025-03-13 21:15:00,2025-03-13,21:15:00,Thursday
308,227,6,Completed,2025-03-17 18:23:00,2025-03-17,18:23:00,Monday
309,6,514,Cancelled,2025-03-14 02:19:00,2025-03-14,02:19:00,Friday
310,107,997,Cancelled,2025-08-03 21:25:00,2025-08-03,21:25:00,Sunday
311,294,187,Cancelled,2025-06-03 21:22:00,2025-06-03,21:22:00,Tuesday
312,904,199,Completed,2025-08-03 12:44:00,2025-08-03,12:44:00,Sunday
313,143,880,Cancelled,2025-06-03 10:07:00,2025-06-03,10:07:00,Tuesday
314,657,488,Cancelled,2025-03-19 12:18:00,2025-03-19,12:18:00,Wednesday
315,254,854,Completed,2025-05-03 22:09:00,2025-05-03,22:09:00,Saturday
316,896,417,Completed,2025-10-03 22:44:00,2025-10-03,22:44:00,Friday
317,747,660,Pending,2025-11-03 05:40:00,2025-11-03,05:40:00,Monday
318,861,735,Completed,2025-04-03 20:11:00,2025-04-03,20:11:00,Thursday
319,888,345,Pending,2025-05-03 05:34:00,2025-05-03,05:34:00,Saturday
320,241,815,Completed,2025-12-03 01:29:00,2025-12-03,01:29:00,Wednesday
321,116,267,Completed,2025-12-03 18:14:00,2025-12-03,18:14:00,Wednesday
322,256,824,Cancelled,2025-05-03 05:22:00,2025-05-03,05:22:00,Saturday
323,670,104,Completed,2025-03-15 13:58:00,2025-03-15,13:58:00,Saturday
324,777,503,Completed,2025-03-03 22:57:00,2025-03-03,22:57:00,Monday
325,49,586,Completed,2025-11-03 14:05:00,2025-11-03,14:05:00,Monday
326,690,649,Pending,2025-03-14 14:41:00,2025-03-14,14:41:00,Friday
327,853,983,Completed,2025-03-17 16:49:00,2025-03-17,16:49:00,Monday
328,577,183,Completed,2025-06-03 15:44:00,2025-06-03,15:44:00,Tuesday
329,419,323,Pending,2025-03-14 03:09:00,2025-03-14,03:09:00,Friday
330,275,354,Completed,2025-01-03 06:24:00,2025-01-03,06:24:00,Friday
331,585,262,Cancelled,2025-03-18 18:37:00,2025-03-18,18:37:00,Tuesday
332,460,32,Completed,2025-03-03 02:40:00,2025-03-03,02:40:00,Monday
333,332,368,Completed,2025-03-13 08:50:00,2025-03-13,08:50:00,Thursday
334,447,811,Cancelled,2025-03-18 17:27:00,2025-03-18,17:27:00,Tuesday
335,453,643,Cancelled,2025-11-03 19:10:00,2025-11-03,19:10:00,Monday
336,164,185,Cancelled,2025-03-17 11:49:00,2025-03-17,11:49:00,Monday
337,405,756,Completed,2025-03-03 19:58:00,2025-03-03,19:58:00,Monday
338,609,301,Pending,2025-03-21 04:08:00,2025-03-21,04:08:00,Friday
339,52,497,Completed,2025-06-03 23:14:00,2025-06-03,23:14:00,Tuesday
340,148,495,Completed,2025-10-03 23:31:00,2025-10-03,23:31:00,Friday
341,386,473,Completed,2025-10-03 14:46:00,2025-10-03,14:46:00,Friday
342,892,999,Cancelled,2025-11-03 06:57:00,2025-11-03,06:57:00,Monday
343,553,62,Pending,2025-03-18 15:08:00,2025-03-18,15:08:00,Tuesday
344,992,160,Cancelled,2025-10-03 21:51:00,2025-10-03,21:51:00,Friday
345,223,440,Pending,2025-03-17 12:29:00,2025-03-17,12:29:00,Monday
346,548,87,Pending,2025-03-15 06:06:00,2025-03-15,06:06:00,Saturday
347,564,283,Pending,2025-11-03 20:37:00,2025-11-03,20:37:00,Monday
348,291,876,Cancelled,2025-07-03 05:24:00,2025-07-03,05:24:00,Thursday
349,262,245,Pending,2025-05-03 19:39:00,2025-05-03,19:39:00,Saturday
350,909,554,Completed,2025-03-19 18:27:00,2025-03-19,18:27:00,Wednesday
351,528,936,Pending,2025-02-03 10:41:00,2025-02-03,10:41:00,Monday
352,427,797,Completed,2025-03-19 07:00:00,2025-03-19,07:00:00,Wednesday
353,730,258,Pending,2025-07-03 21:29:00,2025-07-03,21:29:00,Thursday
354,608,873,Pending,2025-09-03 15:33:00,2025-09-03,15:33:00,Wednesday
355,398,880,Pending,2025-08-03 23:39:00,2025-08-03,23:39:00,Sunday
356,840,663,Cancelled,2025-03-17 06:07:00,2025-03-17,06:07:00,Monday
357,536,704,Cancelled,2025-08-03 02:25:00,2025-08-03,02:25:00,Sunday
358,562,717,Completed,2025-09-03 12:56:00,2025-09-03,12:56:00,Wednesday
359,107,531,Cancelled,2025-03-14 22:15:00,2025-03-14,22:15:00,Friday
360,743,324,Cancelled,2025-08-03 00:38:00,2025-08-03,00:38:00,Sunday
361,882,809,Pending,2025-08-03 05:54:00,2025-08-03,05:54:00,Sunday
362,538,9,Cancelled,2025-02-03 09:04:00,2025-02-03,09:04:00,Monday
363,687,131,Pending,2025-03-13 19:31:00,2025-03-13,19:31:00,Thursday
364,822,576,Completed,2025-10-03 21:47:00,2025-10-03,21:47:00,Friday
365,207,152,Pending,2025-07-03 03:03:00,2025-07-03,03:03:00,Thursday
366,695,691,Pending,2025-02-03 18:29:00,2025-02-03,18:29:00,Monday
367,262,688,Completed,2025-07-03 19:46:00,2025-07-03,19:46:00,Thursday
368,788,682,Pending,2025-03-16 11:59:00,2025-03-16,11:59:00,Sunday
369,84,105,Completed,2025-10-03 02:34:00,2025-10-03,02:34:00,Friday
370,330,38,Cancelled,2025-03-14 17:07:00,2025-03-14,17:07:00,Friday
371,677,658,Pending,2025-03-20 03:44:00,2025-03-20,03:44:00,Thursday
372,804,2,Cancelled,2025-03-03 09:19:00,2025-03-03,09:19:00,Monday
373,866,420,Pending,2025-03-19 10:49:00,2025-03-19,10:49:00,Wednesday
374,72,696,Pending,2025-10-03 14:14:00,2025-10-03,14:14:00,Friday
375,342,908,Completed,2025-03-14 02:51:00,2025-03-14,02:51:00,Friday
376,981,990,Pending,2025-03-15 21:23:00,2025-03-15,21:23:00,Saturday
377,901,190,Pending,2025-08-03 05:43:00,2025-08-03,05:43:00,Sunday
378,765,904,Completed,2025-08-03 13:50:00,2025-08-03,13:50:00,Sunday
379,271,249,Cancelled,2025-03-14 23:15:00,2025-03-14,23:15:00,Friday
380,217,855,Pending,2025-11-03 18:33:00,2025-11-03,18:33:00,Monday
381,926,96,Cancelled,2025-09-03 09:09:00,2025-09-03,09:09:00,Wednesday
382,782,804,Cancelled,2025-03-20 05:46:00,2025-03-20,05:46:00,Thursday
383,920,673,Completed,2025-09-03 10:55:00,2025-09-03,10:55:00,Wednesday
384,389,843,Completed,2025-05-03 23:56:00,2025-05-03,23:56:00,Saturday
385,594,494,Pending,2025-03-03 21:27:00,2025-03-03,21:27:00,Monday
386,979,553,Cancelled,2025-04-03 09:36:00,2025-04-03,09:36:00,Thursday
387,94,547,Cancelled,2025-03-19 21:23:00,2025-03-19,21:23:00,Wednesday
388,16,418,Completed,2025-05-03 01:43:00,2025-05-03,01:43:00,Saturday
389,151,965,Cancelled,2025-04-03 19:08:00,2025-04-03,19:08:00,Thursday
390,398,414,Completed,2025-10-03 18:36:00,2025-10-03,18:36:00,Friday
391,807,950,Completed,2025-04-03 20:52:00,2025-04-03,20:52:00,Thursday
392,116,600,Completed,2025-08-03 21:48:00,2025-08-03,21:48:00,Sunday
393,390,684,Pending,2025-03-21 00:15:00,2025-03-21,00:15:00,Friday
394,211,697,Pending,2025-05-03 16:12:00,2025-05-03,16:12:00,Saturday
395,681,785,Cancelled,2025-03-16 12:18:00,2025-03-16,12:18:00,Sunday
396,50,436,Completed,2025-03-16 23:56:00,2025-03-16,23:56:00,Sunday
397,45,435,Pending,2025-04-03 14:58:00,2025-04-03,14:58:00,Thursday
398,548,459,Pending,2025-06-03 17:22:00,2025-06-03,17:22:00,Tuesday
399,947,241,Pending,2025-06-03 19:27:00,2025-06-03,19:27:00,Tuesday
400,373,613,Completed,2025-03-15 12:26:00,2025-03-15,12:26:00,Saturday
401,174,595,Pending,2025-11-03 00:28:00,2025-11-03,00:28:00,Monday
402,379,872,Pending,2025-08-03 00:59:00,2025-08-03,00:59:00,Sunday
403,141,693,Pending,2025-02-03 08:42:00,2025-02-03,08:42:00,Monday
404,475,63,Cancelled,2025-12-03 23:03:00,2025-12-03,23:03:00,Wednesday
405,548,858,Completed,2025-03-18 02:49:00,2025-03-18,02:49:00,Tuesday
406,606,833,Pending,2025-05-03 08:16:00,2025-05-03,08:16:00,Saturday
407,722,935,Pending,2025-12-03 18:28:00,2025-12-03,18:28:00,Wednesday
408,730,390,Pending,2025-08-03 08:56:00,2025-08-03,08:56:00,Sunday
409,995,159,Cancelled,2025-08-03 21:36:00,2025-08-03,21:36:00,Sunday
410,114,974,Cancelled,2025-01-03 15:29:00,2025-01-03,15:29:00,Friday
411,525,406,Pending,2025-03-18 16:53:00,2025-03-18,16:53:00,Tuesday
412,981,220,Cancelled,2025-03-03 11:44:00,2025-03-03,11:44:00,Monday
413,88,791,Completed,2025-10-03 20:51:00,2025-10-03,20:51:00,Friday
414,826,544,Cancelled,2025-08-03 19:31:00,2025-08-03,19:31:00,Sunday
415,485,144,Pending,2025-11-03 13:35:00,2025-11-03,13:35:00,Monday
416,900,357,Cancelled,2025-12-03 07:04:00,2025-12-03,07:04:00,Wednesday
417,716,972,Pending,2025-03-14 07:18:00,2025-03-14,07:18:00,Friday
418,632,500,Cancelled,2025-01-03 16:52:00,2025-01-03,16:52:00,Friday
419,221,869,Pending,2025-11-03 09:41:00,2025-11-03,09:41:00,Monday
420,257,977,Cancelled,2025-11-03 04:00:00,2025-11-03,04:00:00,Monday
421,572,173,Pending,2025-08-03 14:48:00,2025-08-03,14:48:00,Sunday
422,534,849,Completed,2025-12-03 10:29:00,2025-12-03,10:29:00,Wednesday
423,915,344,Pending,2025-03-21 05:41:00,2025-03-21,05:41:00,Friday
424,755,537,Cancelled,2025-02-03 13:00:00,2025-02-03,13:00:00,Monday
425,797,237,Pending,2025-01-03 15:13:00,2025-01-03,15:13:00,Friday
426,101,538,Completed,2025-03-18 07:28:00,2025-03-18,07:28:00,Tuesday
427,412,811,Cancelled,2025-03-17 00:53:00,2025-03-17,00:53:00,Monday
428,225,613,Completed,2025-07-03 15:13:00,2025-07-03,15:13:00,Thursday
429,528,299,Pending,2025-03-14 18:15:00,2025-03-14,18:15:00,Friday
430,861,972,Pending,2025-03-03 01:58:00,2025-03-03,01:58:00,Monday
431,115,679,Completed,2025-03-20 11:53:00,2025-03-20,11:53:00,Thursday
432,427,507,Pending,2025-03-15 13:30:00,2025-03-15,13:30:00,Saturday
433,245,6,Completed,2025-03-14 12:40:00,2025-03-14,12:40:00,Friday
434,356,596,Completed,2025-03-15 21:14:00,2025-03-15,21:14:00,Saturday
435,129,531,Pending,2025-03-14 10:48:00,2025-03-14,10:48:00,Friday
436,952,962,Completed,2025-03-13 03:13:00,2025-03-13,03:13:00,Thursday
437,230,628,Cancelled,2025-03-15 02:41:00,2025-03-15,02:41:00,Saturday
438,612,770,Pending,2025-03-18 13:00:00,2025-03-18,13:00:00,Tuesday
439,480,432,Cancelled,2025-04-03 03:32:00,2025-04-03,03:32:00,Thursday
440,265,460,Cancelled,2025-03-14 21:06:00,2025-03-14,21:06:00,Friday
441,968,483,Cancelled,2025-08-03 11:28:00,2025-08-03,11:28:00,Sunday
442,499,446,Cancelled,2025-03-19 16:01:00,2025-03-19,16:01:00,Wednesday
443,879,124,Completed,2025-05-03 12:55:00,2025-05-03,12:55:00,Saturday
444,128,660,Cancelled,2025-11-03 03:57:00,2025-11-03,03:57:00,Monday
445,602,485,Cancelled,2025-03-19 08:55:00,2025-03-19,08:55:00,Wednesday
446,524,874,Cancelled,2025-10-03 21:31:00,2025-10-03,21:31:00,Friday
447,801,616,Cancelled,2025-03-13 02:49:00,2025-03-13,02:49:00,Thursday
448,902,770,Cancelled,2025-03-17 11:37:00,2025-03-17,11:37:00,Monday
449,865,493,Pending,2025-03-17 06:16:00,2025-03-17,06:16:00,Monday
450,29,554,Cancelled,2025-03-20 20:03:00,2025-03-20,20:03:00,Thursday
451,683,216,Completed,2025-03-13 08:06:00,2025-03-13,08:06:00,Thursday
452,365,782,Cancelled,2025-03-18 16:04:00,2025-03-18,16:04:00,Tuesday
453,531,468,Cancelled,2025-12-03 22:16:00,2025-12-03,22:16:00,Wednesday
454,828,929,Completed,2025-03-20 05:18:00,2025-03-20,05:18:00,Thursday
455,984,665,Pending,2025-06-03 22:55:00,2025-06-03,22:55:00,Tuesday
456,820,858,Pending,2025-02-03 16:44:00,2025-02-03,16:44:00,Monday
457,79,508,Pending,2025-05-03 04:11:00,2025-05-03,04:11:00,Saturday
458,178,385,Completed,2025-10-03 03:13:00,2025-10-03,03:13:00,Friday
459,329,74,Cancelled,2025-03-13 07:50:00,2025-03-13,07:50:00,Thursday
460,214,879,Completed,2025-05-03 20:10:00,2025-05-03,20:10:00,Saturday
461,492,322,Pending,2025-04-03 16:22:00,2025-04-03,16:22:00,Thursday
462,517,921,Completed,2025-05-03 21:04:00,2025-05-03,21:04:00,Saturday
463,615,269,Completed,2025-03-18 11:00:00,2025-03-18,11:00:00,Tuesday
464,611,306,Completed,2025-01-03 03:32:00,2025-01-03,03:32:00,Friday
465,632,266,Pending,2025-03-19 21:43:00,2025-03-19,21:43:00,Wednesday
466,699,285,Pending,2025-03-21 04:34:00,2025-03-21,04:34:00,Friday
467,216,353,Completed,2025-03-13 16:21:00,2025-03-13,16:21:00,Thursday
468,371,912,Completed,2025-03-17 17:09:00,2025-03-17,17:09:00,Monday
469,404,565,Completed,2025-03-15 07:13:00,2025-03-15,07:13:00,Saturday
470,215,195,Cancelled,2025-03-20 13:44:00,2025-03-20,13:44:00,Thursday
471,11,337,Cancelled,2025-03-21 04:51:00,2025-03-21,04:51:00,Friday
472,958,888,Pending,2025-04-03 21:52:00,2025-04-03,21:52:00,Thursday
473,593,258,Pending,2025-03-14 11:39:00,2025-03-14,11:39:00,Friday
474,345,97,Cancelled,2025-02-03 06:57:00,2025-02-03,06:57:00,Monday
475,260,901,Cancelled,2025-03-18 10:26:00,2025-03-18,10:26:00,Tuesday
476,166,536,Pending,2025-03-03 13:34:00,2025-03-03,13:34:00,Monday
477,65,301,Cancelled,2025-11-03 13:18:00,2025-11-03,13:18:00,Monday
478,844,156,Cancelled,2025-02-03 20:18:00,2025-02-03,20:18:00,Monday
479,216,923,Pending,2025-03-21 05:08:00,2025-03-21,05:08:00,Friday
480,548,670,Pending,2025-03-17 23:08:00,2025-03-17,23:08:00,Monday
481,144,423,Completed,2025-10-03 04:38:00,2025-10-03,04:38:00,Friday
482,446,883,Completed,2025-10-03 17:30:00,2025-10-03,17:30:00,Friday
483,674,223,Completed,2025-03-13 15:25:00,2025-03-13,15:25:00,Thursday
484,565,833,Cancelled,2025-03-14 13:15:00,2025-03-14,13:15:00,Friday
485,321,505,Cancelled,2025-06-03 17:49:00,2025-06-03,17:49:00,Tuesday
486,106,645,Cancelled,2025-04-03 11:54:00,2025-04-03,11:54:00,Thursday
487,654,968,Completed,2025-10-03 19:51:00,2025-10-03,19:51:00,Friday
488,194,125,Pending,2025-03-18 06:30:00,2025-03-18,06:30:00,Tuesday
489,969,99,Completed,2025-10-03 06:44:00,2025-10-03,06:44:00,Friday
490,891,511,Pending,2025-09-03 11:20:00,2025-09-03,11:20:00,Wednesday
491,1,574,Completed,2025-08-03 07:16:00,2025-08-03,07:16:00,Sunday
492,672,214,Pending,2025-10-03 09:41:00,2025-10-03,09:41:00,Friday
493,74,294,Cancelled,2025-03-18 05:15:00,2025-03-18,05:15:00,Tuesday
494,675,651,Cancelled,2025-03-18 07:39:00,2025-03-18,07:39:00,Tuesday
495,665,878,Completed,2025-03-17 04:48:00,2025-03-17,04:48:00,Monday
496,599,404,Pending,2025-03-20 15:31:00,2025-03-20,15:31:00,Thursday
497,606,269,Completed,2025-06-03 03:51:00,2025-06-03,03:51:00,Tuesday
498,946,386,Pending,2025-03-16 15:13:00,2025-03-16,15:13:00,Sunday
499,921,77,Cancelled,2025-04-03 02:43:00,2025-04-03,02:43:00,Thursday
500,532,102,Completed,2025-03-17 05:29:00,2025-03-17,05:29:00,Monday
501,202,671,Completed,2025-12-03 12:22:00,2025-12-03,12:22:00,Wednesday
502,84,168,Completed,2025-05-03 01:43:00,2025-05-03,01:43:00,Saturday
503,717,917,Cancelled,2025-03-13 21:31:00,2025-03-13,21:31:00,Thursday
504,947,320,Completed,2025-07-03 03:28:00,2025-07-03,03:28:00,Thursday
505,919,762,Cancelled,2025-10-03 18:56:00,2025-10-03,18:56:00,Friday
506,892,306,Completed,2025-10-03 05:39:00,2025-10-03,05:39:00,Friday
507,217,370,Pending,2025-03-20 12:41:00,2025-03-20,12:41:00,Thursday
508,152,347,Pending,2025-01-03 04:09:00,2025-01-03,04:09:00,Friday
509,134,600,Cancelled,2025-03-17 15:43:00,2025-03-17,15:43:00,Monday
510,90,419,Pending,2025-12-03 09:35:00,2025-12-03,09:35:00,Wednesday
511,199,446,Cancelled,2025-01-03 18:00:00,2025-01-03,18:00:00,Friday
512,798,821,Cancelled,2025-03-15 19:57:00,2025-03-15,19:57:00,Saturday
513,73,283,Cancelled,2025-05-03 20:17:00,2025-05-03,20:17:00,Saturday
514,521,274,Cancelled,2025-03-21 00:05:00,2025-03-21,00:05:00,Friday
515,930,45,Completed,2025-03-19 02:18:00,2025-03-19,02:18:00,Wednesday
516,302,806,Completed,2025-08-03 09:58:00,2025-08-03,09:58:00,Sunday
517,806,872,Completed,2025-03-19 13:38:00,2025-03-19,13:38:00,Wednesday
518,282,127,Pending,2025-07-03 20:37:00,2025-07-03,20:37:00,Thursday
519,406,960,Pending,2025-06-03 21:16:00,2025-06-03,21:16:00,Tuesday
520,624,396,Completed,2025-03-03 09:53:00,2025-03-03,09:53:00,Monday
521,295,327,Cancelled,2025-03-16 06:19:00,2025-03-16,06:19:00,Sunday
522,271,372,Pending,2025-03-17 21:36:00,2025-03-17,21:36:00,Monday
523,744,676,Completed,2025-03-13 11:09:00,2025-03-13,11:09:00,Thursday
524,448,180,Completed,2025-03-15 04:57:00,2025-03-15,04:57:00,Saturday
525,22,438,Completed,2025-03-15 04:20:00,2025-03-15,04:20:00,Saturday
526,697,401,Pending,2025-03-17 18:51:00,2025-03-17,18:51:00,Monday
527,340,572,Pending,2025-03-19 19:35:00,2025-03-19,19:35:00,Wednesday
528,819,1,Completed,2025-03-20 13:45:00,2025-03-20,13:45:00,Thursday
529,515,399,Completed,2025-07-03 10:51:00,2025-07-03,10:51:00,Thursday
530,59,543,Completed,2025-07-03 03:12:00,2025-07-03,03:12:00,Thursday
531,592,894,Pending,2025-10-03 15:27:00,2025-10-03,15:27:00,Friday
532,486,14,Cancelled,2025-08-03 02:33:00,2025-08-03,02:33:00,Sunday
533,275,410,Pending,2025-03-13 05:38:00,2025-03-13,05:38:00,Thursday
534,50,287,Cancelled,2025-10-03 15:47:00,2025-10-03,15:47:00,Friday
535,663,329,Completed,2025-03-21 05:22:00,2025-03-21,05:22:00,Friday
536,115,162,Cancelled,2025-12-03 14:24:00,2025-12-03,14:24:00,Wednesday
537,39,259,Cancelled,2025-03-20 08:41:00,2025-03-20,08:41:00,Thursday
538,220,225,Cancelled,2025-05-03 04:18:00,2025-05-03,04:18:00,Saturday
539,64,119,Cancelled,2025-08-03 09:41:00,2025-08-03,09:41:00,Sunday
540,444,608,Cancelled,2025-10-03 04:11:00,2025-10-03,04:11:00,Friday
541,261,705,Completed,2025-11-03 12:29:00,2025-11-03,12:29:00,Monday
542,560,442,Completed,2025-03-13 22:53:00,2025-03-13,22:53:00,Thursday
543,657,748,Completed,2025-12-03 16:38:00,2025-12-03,16:38:00,Wednesday
544,187,568,Cancelled,2025-03-18 02:56:00,2025-03-18,02:56:00,Tuesday
545,463,292,Completed,2025-09-03 06:07:00,2025-09-03,06:07:00,Wednesday
546,962,571,Completed,2025-07-03 17:55:00,2025-07-03,17:55:00,Thursday
547,509,886,Cancelled,2025-06-03 13:30:00,2025-06-03,13:30:00,Tuesday
548,520,821,Completed,2025-03-14 21:01:00,2025-03-14,21:01:00,Friday
549,954,703,Cancelled,2025-10-03 20:52:00,2025-10-03,20:52:00,Friday
550,115,882,Pending,2025-03-15 02:55:00,2025-03-15,02:55:00,Saturday
551,837,742,Cancelled,2025-03-13 08:32:00,2025-03-13,08:32:00,Thursday
552,463,949,Pending,2025-03-03 08:58:00,2025-03-03,08:58:00,Monday
553,215,503,Pending,2025-04-03 15:39:00,2025-04-03,15:39:00,Thursday
554,52,126,Completed,2025-04-03 07:19:00,2025-04-03,07:19:00,Thursday
555,253,946,Pending,2025-01-03 07:51:00,2025-01-03,07:51:00,Friday
556,479,460,Completed,2025-07-03 18:19:00,2025-07-03,18:19:00,Thursday
557,324,31,Cancelled,2025-06-03 07:22:00,2025-06-03,07:22:00,Tuesday
558,435,33,Completed,2025-07-03 07:04:00,2025-07-03,07:04:00,Thursday
559,714,935,Cancelled,2025-09-03 01:55:00,2025-09-03,01:55:00,Wednesday
560,731,215,Cancelled,2025-11-03 06:42:00,2025-11-03,06:42:00,Monday
561,269,859,Completed,2025-07-03 17:52:00,2025-07-03,17:52:00,Thursday
562,326,629,Pending,2025-01-03 09:12:00,2025-01-03,09:12:00,Friday
563,622,371,Cancelled,2025-02-03 21:06:00,2025-02-03,21:06:00,Monday
564,947,203,Cancelled,2025-06-03 13:30:00,2025-06-03,13:30:00,Tuesday
565,801,473,Completed,2025-12-03 04:40:00,2025-12-03,04:40:00,Wednesday
566,320,68,Cancelled,2025-03-13 01:43:00,2025-03-13,01:43:00,Thursday
567,924,974,Cancelled,2025-10-03 23:22:00,2025-10-03,23:22:00,Friday
568,852,400,Completed,2025-04-03 02:45:00,2025-04-03,02:45:00,Thursday
569,59,401,Pending,2025-02-03 15:48:00,2025-02-03,15:48:00,Monday
570,849,835,Completed,2025-09-03 03:28:00,2025-09-03,03:28:00,Wednesday
571,408,789,Completed,2025-03-03 06:09:00,2025-03-03,06:09:00,Monday
572,622,542,Completed,2025-03-17 23:13:00,2025-03-17,23:13:00,Monday
573,229,505,Completed,2025-12-03 15:46:00,2025-12-03,15:46:00,Wednesday
574,438,342,Completed,2025-04-03 02:02:00,2025-04-03,02:02:00,Thursday
575,636,413,Cancelled,2025-01-03 23:06:00,2025-01-03,23:06:00,Friday
576,58,341,Completed,2025-03-17 02:11:00,2025-03-17,02:11:00,Monday
577,486,412,Cancelled,2025-03-16 21:29:00,2025-03-16,21:29:00,Sunday
578,674,368,Pending,2025-03-17 06:50:00,2025-03-17,06:50:00,Monday
579,559,342,Completed,2025-03-19 11:30:00,2025-03-19,11:30:00,Wednesday
580,508,704,Pending,2025-01-03 04:45:00,2025-01-03,04:45:00,Friday
581,734,706,Cancelled,2025-09-03 10:35:00,2025-09-03,10:35:00,Wednesday
582,284,990,Completed,2025-03-03 06:53:00,2025-03-03,06:53:00,Monday
583,925,144,Pending,2025-03-03 01:06:00,2025-03-03,01:06:00,Monday
584,705,968,Cancelled,2025-01-03 12:04:00,2025-01-03,12:04:00,Friday
585,373,926,Completed,2025-03-19 13:20:00,2025-03-19,13:20:00,Wednesday
586,970,281,Completed,2025-03-20 06:59:00,2025-03-20,06:59:00,Thursday
587,560,637,Pending,2025-10-03 01:27:00,2025-10-03,01:27:00,Friday
588,92,640,Cancelled,2025-12-03 05:36:00,2025-12-03,05:36:00,Wednesday
589,619,90,Cancelled,2025-03-13 23:44:00,2025-03-13,23:44:00,Thursday
590,505,4,Cancelled,2025-03-17 08:39:00,2025-03-17,08:39:00,Monday
591,723,782,Completed,2025-03-20 06:00:00,2025-03-20,06:00:00,Thursday
592,319,832,Completed,2025-03-03 23:50:00,2025-03-03,23:50:00,Monday
593,882,743,Cancelled,2025-05-03 23:53:00,2025-05-03,23:53:00,Saturday
594,555,14,Pending,2025-03-16 20:01:00,2025-03-16,20:01:00,Sunday
595,172,861,Cancelled,2025-07-03 15:18:00,2025-07-03,15:18:00,Thursday
596,844,949,Cancelled,2025-03-13 04:06:00,2025-03-13,04:06:00,Thursday
597,599,183,Pending,2025-03-13 05:49:00,2025-03-13,05:49:00,Thursday
598,403,905,Completed,2025-04-03 04:55:00,2025-04-03,04:55:00,Thursday
599,307,86,Pending,2025-03-19 18:33:00,2025-03-19,18:33:00,Wednesday
600,910,492,Cancelled,2025-03-17 17:33:00,2025-03-17,17:33:00,Monday
601,964,458,Completed,2025-03-21 03:54:00,2025-03-21,03:54:00,Friday
602,165,997,Cancelled,2025-03-19 07:08:00,2025-03-19,07:08:00,Wednesday
603,920,766,Pending,2025-11-03 07:49:00,2025-11-03,07:49:00,Monday
604,522,737,Completed,2025-11-03 21:27:00,2025-11-03,21:27:00,Monday
605,727,786,Completed,2025-07-03 16:35:00,2025-07-03,16:35:00,Thursday
606,912,192,Cancelled,2025-03-15 01:34:00,2025-03-15,01:34:00,Saturday
607,72,397,Cancelled,2025-12-03 00:38:00,2025-12-03,00:38:00,Wednesday
608,570,484,Cancelled,2025-08-03 05:26:00,2025-08-03,05:26:00,Sunday
609,200,227,Completed,2025-10-03 03:34:00,2025-10-03,03:34:00,Friday
610,151,619,Cancelled,2025-03-14 15:18:00,2025-03-14,15:18:00,Friday
611,433,567,Pending,2025-08-03 05:41:00,2025-08-03,05:41:00,Sunday
612,92,192,Completed,2025-03-13 21:16:00,2025-03-13,21:16:00,Thursday
613,764,482,Completed,2025-01-03 06:01:00,2025-01-03,06:01:00,Friday
614,707,90,Pending,2025-03-14 13:47:00,2025-03-14,13:47:00,Friday
615,821,367,Completed,2025-05-03 20:37:00,2025-05-03,20:37:00,Saturday
616,967,162,Pending,2025-12-03 16:05:00,2025-12-03,16:05:00,Wednesday
617,933,68,Cancelled,2025-05-03 14:23:00,2025-05-03,14:23:00,Saturday
618,395,134,Pending,2025-02-03 03:19:00,2025-02-03,03:19:00,Monday
619,743,725,Cancelled,2025-03-20 07:40:00,2025-03-20,07:40:00,Thursday
620,207,618,Cancelled,2025-03-17 11:24:00,2025-03-17,11:24:00,Monday
621,175,742,Pending,2025-03-19 10:26:00,2025-03-19,10:26:00,Wednesday
622,949,963,Cancelled,2025-12-03 19:13:00,2025-12-03,19:13:00,Wednesday
623,400,737,Cancelled,2025-03-14 10:01:00,2025-03-14,10:01:00,Friday
624,502,524,Cancelled,2025-05-03 16:11:00,2025-05-03,16:11:00,Saturday
625,416,69,Cancelled,2025-03-16 02:15:00,2025-03-16,02:15:00,Sunday
626,823,576,Pending,2025-03-21 02:42:00,2025-03-21,02:42:00,Friday
627,686,814,Cancelled,2025-03-15 01:36:00,2025-03-15,01:36:00,Saturday
628,906,354,Pending,2025-03-17 09:31:00,2025-03-17,09:31:00,Monday
629,326,437,Pending,2025-03-16 00:43:00,2025-03-16,00:43:00,Sunday
630,606,905,Completed,2025-02-03 15:26:00,2025-02-03,15:26:00,Monday
631,862,28,Pending,2025-03-19 00:37:00,2025-03-19,00:37:00,Wednesday
632,393,9,Completed,2025-03-20 13:40:00,2025-03-20,13:40:00,Thursday
633,385,440,Completed,2025-12-03 13:15:00,2025-12-03,13:15:00,Wednesday
634,435,767,Pending,2025-08-03 17:54:00,2025-08-03,17:54:00,Sunday
635,748,113,Pending,2025-07-03 01:36:00,2025-07-03,01:36:00,Thursday
636,554,144,Cancelled,2025-03-18 17:20:00,2025-03-18,17:20:00,Tuesday
637,476,216,Pending,2025-03-20 13:06:00,2025-03-20,13:06:00,Thursday
638,949,687,Completed,2025-03-16 05:38:00,2025-03-16,05:38:00,Sunday
639,233,832,Cancelled,2025-06-03 13:32:00,2025-06-03,13:32:00,Tuesday
640,239,944,Cancelled,2025-03-19 01:17:00,2025-03-19,01:17:00,Wednesday
641,251,410,Cancelled,2025-02-03 00:21:00,2025-02-03,00:21:00,Monday
642,113,255,Pending,2025-03-20 19:57:00,2025-03-20,19:57:00,Thursday
643,806,993,Pending,2025-10-03 18:38:00,2025-10-03,18:38:00,Friday
644,837,800,Cancelled,2025-11-03 04:33:00,2025-11-03,04:33:00,Monday
645,739,220,Pending,2025-03-20 03:23:00,2025-03-20,03:23:00,Thursday
646,120,713,Cancelled,2025-03-13 13:29:00,2025-03-13,13:29:00,Thursday
647,35,654,Pending,2025-03-18 17:53:00,2025-03-18,17:53:00,Tuesday
648,55,1000,Completed,2025-08-03 11:56:00,2025-08-03,11:56:00,Sunday
649,210,43,Completed,2025-07-03 17:26:00,2025-07-03,17:26:00,Thursday
650,421,505,Completed,2025-12-03 14:21:00,2025-12-03,14:21:00,Wednesday
651,156,113,Cancelled,2025-03-14 22:38:00,2025-03-14,22:38:00,Friday
652,932,223,Pending,2025-05-03 12:54:00,2025-05-03,12:54:00,Saturday
653,78,765,Pending,2025-02-03 10:50:00,2025-02-03,10:50:00,Monday
654,291,158,Pending,2025-03-21 00:56:00,2025-03-21,00:56:00,Friday
655,215,28,Completed,2025-11-03 12:30:00,2025-11-03,12:30:00,Monday
656,875,799,Pending,2025-03-13 16:14:00,2025-03-13,16:14:00,Thursday
657,945,220,Completed,2025-08-03 12:26:00,2025-08-03,12:26:00,Sunday
658,232,10,Pending,2025-01-03 21:49:00,2025-01-03,21:49:00,Friday
659,98,864,Cancelled,2025-03-17 02:31:00,2025-03-17,02:31:00,Monday
660,912,204,Cancelled,2025-08-03 10:54:00,2025-08-03,10:54:00,Sunday
661,520,560,Pending,2025-09-03 02:37:00,2025-09-03,02:37:00,Wednesday
662,600,902,Completed,2025-03-18 00:04:00,2025-03-18,00:04:00,Tuesday
663,180,884,Cancelled,2025-03-14 11:47:00,2025-03-14,11:47:00,Friday
664,866,410,Cancelled,2025-03-19 06:20:00,2025-03-19,06:20:00,Wednesday
665,49,314,Pending,2025-08-03 19:49:00,2025-08-03,19:49:00,Sunday
666,749,130,Pending,2025-03-15 09:02:00,2025-03-15,09:02:00,Saturday
667,165,681,Cancelled,2025-02-03 23:27:00,2025-02-03,23:27:00,Monday
668,86,205,Cancelled,2025-10-03 09:10:00,2025-10-03,09:10:00,Friday
669,224,570,Pending,2025-06-03 03:52:00,2025-06-03,03:52:00,Tuesday
670,349,118,Cancelled,2025-10-03 18:32:00,2025-10-03,18:32:00,Friday
671,297,610,Completed,2025-01-03 01:43:00,2025-01-03,01:43:00,Friday
672,903,508,Completed,2025-03-19 09:42:00,2025-03-19,09:42:00,Wednesday
673,474,545,Cancelled,2025-10-03 04:05:00,2025-10-03,04:05:00,Friday
674,861,276,Cancelled,2025-10-03 00:14:00,2025-10-03,00:14:00,Friday
675,897,53,Cancelled,2025-03-19 06:58:00,2025-03-19,06:58:00,Wednesday
676,625,589,Pending,2025-03-15 09:58:00,2025-03-15,09:58:00,Saturday
677,287,663,Pending,2025-03-18 11:41:00,2025-03-18,11:41:00,Tuesday
678,56,139,Pending,2025-10-03 00:33:00,2025-10-03,00:33:00,Friday
679,302,305,Pending,2025-03-16 01:38:00,2025-03-16,01:38:00,Sunday
680,154,785,Completed,2025-03-17 14:55:00,2025-03-17,14:55:00,Monday
681,334,213,Cancelled,2025-11-03 09:29:00,2025-11-03,09:29:00,Monday
682,629,937,Pending,2025-03-19 06:45:00,2025-03-19,06:45:00,Wednesday
683,195,805,Pending,2025-03-13 15:36:00,2025-03-13,15:36:00,Thursday
684,299,550,Pending,2025-03-14 08:30:00,2025-03-14,08:30:00,Friday
685,622,235,Cancelled,2025-01-03 08:58:00,2025-01-03,08:58:00,Friday
686,540,900,Pending,2025-07-03 09:12:00,2025-07-03,09:12:00,Thursday
687,921,536,Completed,2025-07-03 20:46:00,2025-07-03,20:46:00,Thursday
688,854,525,Completed,2025-03-18 01:18:00,2025-03-18,01:18:00,Tuesday
689,246,131,Cancelled,2025-03-13 03:31:00,2025-03-13,03:31:00,Thursday
690,85,781,Completed,2025-09-03 18:58:00,2025-09-03,18:58:00,Wednesday
691,498,442,Cancelled,2025-02-03 02:18:00,2025-02-03,02:18:00,Monday
692,500,717,Pending,2025-03-14 02:15:00,2025-03-14,02:15:00,Friday
693,479,647,Cancelled,2025-03-15 03:55:00,2025-03-15,03:55:00,Saturday
694,529,454,Completed,2025-01-03 06:03:00,2025-01-03,06:03:00,Friday
695,462,415,Cancelled,2025-10-03 21:12:00,2025-10-03,21:12:00,Friday
696,634,561,Cancelled,2025-12-03 17:08:00,2025-12-03,17:08:00,Wednesday
697,30,132,Completed,2025-04-03 17:46:00,2025-04-03,17:46:00,Thursday
698,633,185,Cancelled,2025-03-03 00:51:00,2025-03-03,00:51:00,Monday
699,138,233,Cancelled,2025-04-03 15:15:00,2025-04-03,15:15:00,Thursday
700,110,901,Completed,2025-08-03 19:12:00,2025-08-03,19:12:00,Sunday
701,833,15,Completed,2025-03-14 16:16:00,2025-03-14,16:16:00,Friday
702,83,150,Cancelled,2025-11-03 23:02:00,2025-11-03,23:02:00,Monday
703,836,742,Cancelled,2025-03-14 10:57:00,2025-03-14,10:57:00,Friday
704,271,394,Pending,2025-08-03 01:33:00,2025-08-03,01:33:00,Sunday
705,298,174,Cancelled,2025-09-03 07:36:00,2025-09-03,07:36:00,Wednesday
706,636,800,Pending,2025-09-03 23:19:00,2025-09-03,23:19:00,Wednesday
707,791,877,Pending,2025-07-03 10:15:00,2025-07-03,10:15:00,Thursday
708,999,293,Pending,2025-03-18 18:55:00,2025-03-18,18:55:00,Tuesday
709,673,754,Cancelled,2025-03-20 09:11:00,2025-03-20,09:11:00,Thursday
710,599,27,Pending,2025-03-16 09:32:00,2025-03-16,09:32:00,Sunday
711,703,674,Completed,2025-03-15 07:35:00,2025-03-15,07:35:00,Saturday
712,179,505,Completed,2025-01-03 01:24:00,2025-01-03,01:24:00,Friday
713,973,494,Completed,2025-07-03 06:15:00,2025-07-03,06:15:00,Thursday
714,951,423,Pending,2025-03-21 01:57:00,2025-03-21,01:57:00,Friday
715,36,668,Pending,2025-03-17 14:14:00,2025-03-17,14:14:00,Monday
716,696,68,Cancelled,2025-03-03 02:38:00,2025-03-03,02:38:00,Monday
717,991,149,Pending,2025-12-03 17:53:00,2025-12-03,17:53:00,Wednesday
718,626,650,Completed,2025-03-14 23:56:00,2025-03-14,23:56:00,Friday
719,695,192,Cancelled,2025-12-03 00:06:00,2025-12-03,00:06:00,Wednesday
720,502,348,Cancelled,2025-03-15 06:28:00,2025-03-15,06:28:00,Saturday
721,217,844,Completed,2025-03-13 15:46:00,2025-03-13,15:46:00,Thursday
722,898,888,Completed,2025-03-15 08:59:00,2025-03-15,08:59:00,Saturday
723,228,59,Pending,2025-12-03 04:00:00,2025-12-03,04:00:00,Wednesday
724,396,747,Completed,2025-12-03 02:12:00,2025-12-03,02:12:00,Wednesday
725,784,218,Pending,2025-03-20 12:45:00,2025-03-20,12:45:00,Thursday
726,23,446,Cancelled,2025-06-03 00:25:00,2025-06-03,00:25:00,Tuesday
727,47,548,Cancelled,2025-03-17 04:10:00,2025-03-17,04:10:00,Monday
728,882,810,Completed,2025-03-15 11:35:00,2025-03-15,11:35:00,Saturday
729,308,239,Pending,2025-03-16 12:55:00,2025-03-16,12:55:00,Sunday
730,715,48,Cancelled,2025-03-03 13:52:00,2025-03-03,13:52:00,Monday
731,403,218,Completed,2025-03-17 22:44:00,2025-03-17,22:44:00,Monday
732,935,126,Pending,2025-07-03 09:52:00,2025-07-03,09:52:00,Thursday
733,932,843,Completed,2025-03-14 21:55:00,2025-03-14,21:55:00,Friday
734,224,172,Cancelled,2025-03-18 16:07:00,2025-03-18,16:07:00,Tuesday
735,720,608,Completed,2025-03-20 06:52:00,2025-03-20,06:52:00,Thursday
736,84,544,Completed,2025-03-14 23:52:00,2025-03-14,23:52:00,Friday
737,636,794,Pending,2025-03-14 18:09:00,2025-03-14,18:09:00,Friday
738,819,482,Completed,2025-12-03 23:39:00,2025-12-03,23:39:00,Wednesday
739,230,171,Completed,2025-02-03 17:31:00,2025-02-03,17:31:00,Monday
740,199,50,Completed,2025-03-20 06:16:00,2025-03-20,06:16:00,Thursday
741,886,842,Cancelled,2025-03-19 09:05:00,2025-03-19,09:05:00,Wednesday
742,132,358,Pending,2025-03-15 15:01:00,2025-03-15,15:01:00,Saturday
743,574,996,Cancelled,2025-08-03 15:17:00,2025-08-03,15:17:00,Sunday
744,379,26,Pending,2025-03-14 07:15:00,2025-03-14,07:15:00,Friday
745,807,317,Pending,2025-03-19 19:02:00,2025-03-19,19:02:00,Wednesday
746,385,587,Pending,2025-03-19 13:13:00,2025-03-19,13:13:00,Wednesday
747,234,437,Pending,2025-03-03 21:37:00,2025-03-03,21:37:00,Monday
748,494,395,Cancelled,2025-02-03 21:16:00,2025-02-03,21:16:00,Monday
749,689,300,Cancelled,2025-03-13 19:23:00,2025-03-13,19:23:00,Thursday
750,931,742,Completed,2025-03-19 04:32:00,2025-03-19,04:32:00,Wednesday
751,398,710,Pending,2025-03-16 04:56:00,2025-03-16,04:56:00,Sunday
752,463,777,Cancelled,2025-03-13 23:12:00,2025-03-13,23:12:00,Thursday
753,958,455,Cancelled,2025-07-03 15:56:00,2025-07-03,15:56:00,Thursday
754,997,571,Completed,2025-03-20 08:59:00,2025-03-20,08:59:00,Thursday
755,34,709,Completed,2025-03-15 03:13:00,2025-03-15,03:13:00,Saturday
756,696,418,Completed,2025-03-16 09:29:00,2025-03-16,09:29:00,Sunday
757,352,7,Completed,2025-03-13 19:20:00,2025-03-13,19:20:00,Thursday
758,877,472,Cancelled,2025-03-20 02:09:00,2025-03-20,02:09:00,Thursday
759,174,219,Cancelled,2025-03-18 11:19:00,2025-03-18,11:19:00,Tuesday
760,828,212,Completed,2025-03-13 16:00:00,2025-03-13,16:00:00,Thursday
761,205,351,Completed,2025-12-03 20:51:00,2025-12-03,20:51:00,Wednesday
762,505,275,Cancelled,2025-03-16 00:02:00,2025-03-16,00:02:00,Sunday
763,331,52,Cancelled,2025-03-13 07:51:00,2025-03-13,07:51:00,Thursday
764,28,788,Completed,2025-03-16 04:52:00,2025-03-16,04:52:00,Sunday
765,168,695,Pending,2025-03-17 09:49:00,2025-03-17,09:49:00,Monday
766,945,781,Completed,2025-10-03 09:20:00,2025-10-03,09:20:00,Friday
767,798,355,Completed,2025-09-03 18:34:00,2025-09-03,18:34:00,Wednesday
768,939,213,Pending,2025-03-18 16:20:00,2025-03-18,16:20:00,Tuesday
769,971,107,Cancelled,2025-04-03 01:25:00,2025-04-03,01:25:00,Thursday
770,917,328,Completed,2025-11-03 08:12:00,2025-11-03,08:12:00,Monday
771,297,181,Cancelled,2025-03-13 01:15:00,2025-03-13,01:15:00,Thursday
772,926,112,Completed,2025-04-03 15:24:00,2025-04-03,15:24:00,Thursday
773,35,205,Pending,2025-12-03 10:01:00,2025-12-03,10:01:00,Wednesday
774,35,479,Cancelled,2025-03-20 12:11:00,2025-03-20,12:11:00,Thursday
775,961,806,Completed,2025-05-03 23:56:00,2025-05-03,23:56:00,Saturday
776,23,559,Cancelled,2025-02-03 00:29:00,2025-02-03,00:29:00,Monday
777,886,297,Cancelled,2025-03-14 09:47:00,2025-03-14,09:47:00,Friday
778,241,715,Pending,2025-11-03 00:31:00,2025-11-03,00:31:00,Monday
779,508,56,Cancelled,2025-03-13 18:28:00,2025-03-13,18:28:00,Thursday
780,16,194,Pending,2025-08-03 13:58:00,2025-08-03,13:58:00,Sunday
781,676,701,Pending,2025-04-03 14:26:00,2025-04-03,14:26:00,Thursday
782,476,181,Completed,2025-04-03 19:49:00,2025-04-03,19:49:00,Thursday
783,485,429,Cancelled,2025-03-15 18:58:00,2025-03-15,18:58:00,Saturday
784,655,381,Pending,2025-03-19 22:41:00,2025-03-19,22:41:00,Wednesday
785,981,887,Pending,2025-03-15 14:23:00,2025-03-15,14:23:00,Saturday
786,104,977,Pending,2025-09-03 13:13:00,2025-09-03,13:13:00,Wednesday
787,988,590,Completed,2025-03-15 04:12:00,2025-03-15,04:12:00,Saturday
788,253,379,Completed,2025-03-19 17:32:00,2025-03-19,17:32:00,Wednesday
789,684,202,Cancelled,2025-01-03 21:34:00,2025-01-03,21:34:00,Friday
790,30,680,Completed,2025-05-03 13:01:00,2025-05-03,13:01:00,Saturday
791,240,144,Cancelled,2025-10-03 03:33:00,2025-10-03,03:33:00,Friday
792,775,259,Completed,2025-12-03 17:39:00,2025-12-03,17:39:00,Wednesday
793,444,783,Completed,2025-02-03 21:12:00,2025-02-03,21:12:00,Monday
794,928,318,Cancelled,2025-03-13 16:04:00,2025-03-13,16:04:00,Thursday
795,902,293,Completed,2025-05-03 21:45:00,2025-05-03,21:45:00,Saturday
796,685,410,Cancelled,2025-03-13 00:39:00,2025-03-13,00:39:00,Thursday
797,950,275,Pending,2025-12-03 22:59:00,2025-12-03,22:59:00,Wednesday
798,609,735,Pending,2025-09-03 10:08:00,2025-09-03,10:08:00,Wednesday
799,487,786,Completed,2025-06-03 19:57:00,2025-06-03,19:57:00,Tuesday
800,224,227,Cancelled,2025-11-03 23:55:00,2025-11-03,23:55:00,Monday
801,131,72,Completed,2025-04-03 15:42:00,2025-04-03,15:42:00,Thursday
802,100,729,Completed,2025-03-17 09:35:00,2025-03-17,09:35:00,Monday
803,701,240,Pending,2025-09-03 14:33:00,2025-09-03,14:33:00,Wednesday
804,614,655,Cancelled,2025-03-21 06:12:00,2025-03-21,06:12:00,Friday
805,181,348,Cancelled,2025-03-13 11:08:00,2025-03-13,11:08:00,Thursday
806,529,650,Pending,2025-02-03 07:54:00,2025-02-03,07:54:00,Monday
807,767,742,Completed,2025-08-03 17:05:00,2025-08-03,17:05:00,Sunday
808,243,528,Pending,2025-01-03 20:29:00,2025-01-03,20:29:00,Friday
809,929,603,Pending,2025-10-03 03:05:00,2025-10-03,03:05:00,Friday
810,528,281,Cancelled,2025-03-15 06:11:00,2025-03-15,06:11:00,Saturday
811,399,57,Cancelled,2025-10-03 06:39:00,2025-10-03,06:39:00,Friday
812,820,473,Pending,2025-07-03 00:40:00,2025-07-03,00:40:00,Thursday
813,934,982,Completed,2025-02-03 22:20:00,2025-02-03,22:20:00,Monday
814,95,438,Completed,2025-03-15 18:11:00,2025-03-15,18:11:00,Saturday
815,243,795,Completed,2025-03-18 08:50:00,2025-03-18,08:50:00,Tuesday
816,627,899,Pending,2025-07-03 18:11:00,2025-07-03,18:11:00,Thursday
817,969,800,Pending,2025-03-03 16:20:00,2025-03-03,16:20:00,Monday
818,797,570,Completed,2025-10-03 20:54:00,2025-10-03,20:54:00,Friday
819,18,617,Pending,2025-06-03 01:36:00,2025-06-03,01:36:00,Tuesday
820,943,869,Completed,2025-07-03 18:34:00,2025-07-03,18:34:00,Thursday
821,590,300,Cancelled,2025-11-03 03:27:00,2025-11-03,03:27:00,Monday
822,126,122,Pending,2025-04-03 06:00:00,2025-04-03,06:00:00,Thursday
823,96,800,Cancelled,2025-07-03 21:50:00,2025-07-03,21:50:00,Thursday
824,151,508,Cancelled,2025-03-15 05:45:00,2025-03-15,05:45:00,Saturday
825,31,590,Pending,2025-12-03 07:28:00,2025-12-03,07:28:00,Wednesday
826,762,965,Cancelled,2025-09-03 09:16:00,2025-09-03,09:16:00,Wednesday
827,964,59,Cancelled,2025-03-19 13:26:00,2025-03-19,13:26:00,Wednesday
828,598,723,Pending,2025-04-03 04:15:00,2025-04-03,04:15:00,Thursday
829,443,891,Pending,2025-03-14 21:42:00,2025-03-14,21:42:00,Friday
830,353,706,Cancelled,2025-03-16 12:31:00,2025-03-16,12:31:00,Sunday
831,401,389,Completed,2025-09-03 11:43:00,2025-09-03,11:43:00,Wednesday
832,133,128,Completed,2025-03-20 08:29:00,2025-03-20,08:29:00,Thursday
833,214,673,Cancelled,2025-11-03 15:57:00,2025-11-03,15:57:00,Monday
834,335,439,Pending,2025-09-03 00:14:00,2025-09-03,00:14:00,Wednesday
835,203,533,Pending,2025-07-03 05:03:00,2025-07-03,05:03:00,Thursday
836,733,532,Pending,2025-03-18 00:13:00,2025-03-18,00:13:00,Tuesday
837,25,228,Cancelled,2025-12-03 14:13:00,2025-12-03,14:13:00,Wednesday
838,728,870,Completed,2025-11-03 03:05:00,2025-11-03,03:05:00,Monday
839,945,72,Cancelled,2025-03-20 08:13:00,2025-03-20,08:13:00,Thursday
840,811,245,Pending,2025-03-17 11:00:00,2025-03-17,11:00:00,Monday
841,682,195,Completed,2025-03-03 00:22:00,2025-03-03,00:22:00,Monday
842,812,341,Cancelled,2025-03-14 22:59:00,2025-03-14,22:59:00,Friday
843,512,102,Cancelled,2025-10-03 01:37:00,2025-10-03,01:37:00,Friday
844,778,362,Cancelled,2025-03-16 05:59:00,2025-03-16,05:59:00,Sunday
845,70,42,Pending,2025-09-03 11:24:00,2025-09-03,11:24:00,Wednesday
846,125,549,Cancelled,2025-03-18 13:25:00,2025-03-18,13:25:00,Tuesday
847,682,778,Cancelled,2025-07-03 07:36:00,2025-07-03,07:36:00,Thursday
848,374,419,Pending,2025-03-18 18:19:00,2025-03-18,18:19:00,Tuesday
849,647,468,Pending,2025-03-14 05:17:00,2025-03-14,05:17:00,Friday
850,652,381,Pending,2025-07-03 15:57:00,2025-07-03,15:57:00,Thursday
851,71,164,Completed,2025-08-03 16:08:00,2025-08-03,16:08:00,Sunday
852,66,700,Cancelled,2025-03-18 10:02:00,2025-03-18,10:02:00,Tuesday
853,299,378,Pending,2025-03-18 09:13:00,2025-03-18,09:13:00,Tuesday
854,173,647,Completed,2025-08-03 15:30:00,2025-08-03,15:30:00,Sunday
855,410,595,Cancelled,2025-01-03 22:24:00,2025-01-03,22:24:00,Friday
856,294,838,Completed,2025-03-18 13:19:00,2025-03-18,13:19:00,Tuesday
857,418,771,Completed,2025-12-03 22:10:00,2025-12-03,22:10:00,Wednesday
858,465,145,Completed,2025-05-03 07:07:00,2025-05-03,07:07:00,Saturday
859,3,887,Cancelled,2025-03-13 06:36:00,2025-03-13,06:36:00,Thursday
860,9,345,Cancelled,2025-05-03 09:20:00,2025-05-03,09:20:00,Saturday
861,510,377,Cancelled,2025-03-13 06:11:00,2025-03-13,06:11:00,Thursday
862,839,361,Cancelled,2025-03-19 04:49:00,2025-03-19,04:49:00,Wednesday
863,30,16,Pending,2025-09-03 22:36:00,2025-09-03,22:36:00,Wednesday
864,962,622,Cancelled,2025-09-03 00:55:00,2025-09-03,00:55:00,Wednesday
865,163,694,Pending,2025-07-03 15:49:00,2025-07-03,15:49:00,Thursday
866,461,615,Completed,2025-01-03 02:31:00,2025-01-03,02:31:00,Friday
867,692,794,Completed,2025-10-03 07:01:00,2025-10-03,07:01:00,Friday
868,460,361,Pending,2025-09-03 02:48:00,2025-09-03,02:48:00,Wednesday
869,935,348,Cancelled,2025-11-03 23:05:00,2025-11-03,23:05:00,Monday
870,972,228,Completed,2025-03-17 18:54:00,2025-03-17,18:54:00,Monday
871,786,620,Cancelled,2025-08-03 17:20:00,2025-08-03,17:20:00,Sunday
872,832,302,Completed,2025-03-15 15:47:00,2025-03-15,15:47:00,Saturday
873,558,173,Pending,2025-03-17 05:22:00,2025-03-17,05:22:00,Monday
874,822,226,Pending,2025-10-03 05:50:00,2025-10-03,05:50:00,Friday
875,338,848,Completed,2025-03-16 13:38:00,2025-03-16,13:38:00,Sunday
876,696,994,Cancelled,2025-10-03 14:13:00,2025-10-03,14:13:00,Friday
877,707,637,Completed,2025-03-03 23:14:00,2025-03-03,23:14:00,Monday
878,544,889,Cancelled,2025-03-14 05:12:00,2025-03-14,05:12:00,Friday
879,7,825,Pending,2025-01-03 01:49:00,2025-01-03,01:49:00,Friday
880,751,811,Cancelled,2025-10-03 20:50:00,2025-10-03,20:50:00,Friday
881,17,647,Pending,2025-12-03 19:27:00,2025-12-03,19:27:00,Wednesday
882,565,850,Completed,2025-12-03 20:44:00,2025-12-03,20:44:00,Wednesday
883,167,266,Pending,2025-11-03 12:45:00,2025-11-03,12:45:00,Monday
884,364,493,Cancelled,2025-03-14 15:24:00,2025-03-14,15:24:00,Friday
885,515,400,Pending,2025-03-16 23:58:00,2025-03-16,23:58:00,Sunday
886,756,973,Cancelled,2025-07-03 02:15:00,2025-07-03,02:15:00,Thursday
887,743,507,Pending,2025-03-15 02:19:00,2025-03-15,02:19:00,Saturday
888,916,738,Completed,2025-05-03 01:28:00,2025-05-03,01:28:00,Saturday
889,632,917,Cancelled,2025-08-03 22:20:00,2025-08-03,22:20:00,Sunday
890,128,276,Cancelled,2025-03-13 08:03:00,2025-03-13,08:03:00,Thursday
891,973,510,Cancelled,2025-03-17 05:08:00,2025-03-17,05:08:00,Monday
892,456,933,Pending,2025-04-03 14:51:00,2025-04-03,14:51:00,Thursday
893,180,276,Completed,2025-03-20 12:02:00,2025-03-20,12:02:00,Thursday
894,730,903,Cancelled,2025-02-03 11:28:00,2025-02-03,11:28:00,Monday
895,977,425,Pending,2025-12-03 03:28:00,2025-12-03,03:28:00,Wednesday
896,315,768,Completed,2025-03-15 06:17:00,2025-03-15,06:17:00,Saturday
897,929,730,Completed,2025-03-13 19:48:00,2025-03-13,19:48:00,Thursday
898,851,572,Completed,2025-03-14 07:54:00,2025-03-14,07:54:00,Friday
899,13,28,Pending,2025-03-16 06:18:00,2025-03-16,06:18:00,Sunday
900,545,532,Completed,2025-03-03 21:06:00,2025-03-03,21:06:00,Monday
901,474,195,Pending,2025-12-03 09:04:00,2025-12-03,09:04:00,Wednesday
902,210,852,Completed,2025-02-03 17:35:00,2025-02-03,17:35:00,Monday
903,413,426,Cancelled,2025-03-18 22:32:00,2025-03-18,22:32:00,Tuesday
904,168,561,Completed,2025-08-03 21:53:00,2025-08-03,21:53:00,Sunday
905,380,361,Pending,2025-05-03 13:31:00,2025-05-03,13:31:00,Saturday
906,938,916,Pending,2025-03-15 10:50:00,2025-03-15,10:50:00,Saturday
907,800,934,Completed,2025-04-03 03:13:00,2025-04-03,03:13:00,Thursday
908,762,558,Completed,2025-05-03 13:06:00,2025-05-03,13:06:00,Saturday
909,893,299,Completed,2025-03-20 23:39:00,2025-03-20,23:39:00,Thursday
910,410,424,Completed,2025-05-03 14:21:00,2025-05-03,14:21:00,Saturday
911,355,128,Pending,2025-08-03 08:57:00,2025-08-03,08:57:00,Sunday
912,683,189,Completed,2025-03-20 15:37:00,2025-03-20,15:37:00,Thursday
913,705,957,Pending,2025-03-15 22:21:00,2025-03-15,22:21:00,Saturday
914,950,239,Completed,2025-03-18 13:03:00,2025-03-18,13:03:00,Tuesday
915,441,65,Pending,2025-01-03 17:46:00,2025-01-03,17:46:00,Friday
916,571,472,Pending,2025-03-13 03:13:00,2025-03-13,03:13:00,Thursday
917,109,935,Completed,2025-03-03 10:41:00,2025-03-03,10:41:00,Monday
918,92,42,Completed,2025-11-03 09:59:00,2025-11-03,09:59:00,Monday
919,623,841,Cancelled,2025-11-03 18:11:00,2025-11-03,18:11:00,Monday
920,279,323,Cancelled,2025-03-20 16:37:00,2025-03-20,16:37:00,Thursday
921,826,507,Completed,2025-05-03 01:43:00,2025-05-03,01:43:00,Saturday
922,206,768,Pending,2025-03-20 00:57:00,2025-03-20,00:57:00,Thursday
923,293,276,Cancelled,2025-02-03 22:49:00,2025-02-03,22:49:00,Monday
924,580,154,Pending,2025-03-13 16:32:00,2025-03-13,16:32:00,Thursday
925,237,985,Pending,2025-08-03 05:15:00,2025-08-03,05:15:00,Sunday
926,43,72,Cancelled,2025-06-03 12:37:00,2025-06-03,12:37:00,Tuesday
927,317,407,Completed,2025-03-15 13:34:00,2025-03-15,13:34:00,Saturday
928,41,945,Pending,2025-03-20 00:15:00,2025-03-20,00:15:00,Thursday
929,778,938,Pending,2025-03-03 00:57:00,2025-03-03,00:57:00,Monday
930,407,371,Pending,2025-03-03 10:47:00,2025-03-03,10:47:00,Monday
931,616,637,Completed,2025-04-03 01:42:00,2025-04-03,01:42:00,Thursday
932,419,354,Completed,2025-12-03 16:39:00,2025-12-03,16:39:00,Wednesday
933,574,301,Cancelled,2025-02-03 06:24:00,2025-02-03,06:24:00,Monday
934,639,555,Cancelled,2025-08-03 17:07:00,2025-08-03,17:07:00,Sunday
935,520,788,Cancelled,2025-03-17 07:27:00,2025-03-17,07:27:00,Monday
936,96,170,Cancelled,2025-08-03 01:17:00,2025-08-03,01:17:00,Sunday
937,744,799,Cancelled,2025-02-03 10:22:00,2025-02-03,10:22:00,Monday
938,977,897,Cancelled,2025-11-03 07:58:00,2025-11-03,07:58:00,Monday
939,37,512,Pending,2025-08-03 15:55:00,2025-08-03,15:55:00,Sunday
940,911,959,Completed,2025-05-03 23:59:00,2025-05-03,23:59:00,Saturday
941,223,318,Cancelled,2025-04-03 18:16:00,2025-04-03,18:16:00,Thursday
942,189,850,Completed,2025-01-03 15:26:00,2025-01-03,15:26:00,Friday
943,89,934,Pending,2025-02-03 00:43:00,2025-02-03,00:43:00,Monday
944,680,817,Pending,2025-08-03 00:52:00,2025-08-03,00:52:00,Sunday
945,989,901,Cancelled,2025-03-16 22:54:00,2025-03-16,22:54:00,Sunday
946,839,324,Cancelled,2025-03-20 13:56:00,2025-03-20,13:56:00,Thursday
947,304,840,Cancelled,2025-03-03 20:13:00,2025-03-03,20:13:00,Monday
948,156,482,Completed,2025-03-14 11:23:00,2025-03-14,11:23:00,Friday
949,241,240,Completed,2025-03-03 08:53:00,2025-03-03,08:53:00,Monday
950,481,298,Pending,2025-01-03 03:50:00,2025-01-03,03:50:00,Friday
951,236,585,Completed,2025-03-18 01:05:00,2025-03-18,01:05:00,Tuesday
952,459,183,Completed,2025-03-18 07:49:00,2025-03-18,07:49:00,Tuesday
953,744,686,Cancelled,2025-05-03 20:10:00,2025-05-03,20:10:00,Saturday
954,732,267,Cancelled,2025-10-03 10:04:00,2025-10-03,10:04:00,Friday
955,492,414,Completed,2025-03-14 23:17:00,2025-03-14,23:17:00,Friday
956,904,745,Completed,2025-03-13 08:36:00,2025-03-13,08:36:00,Thursday
957,230,625,Completed,2025-03-16 20:45:00,2025-03-16,20:45:00,Sunday
958,601,96,Cancelled,2025-12-03 16:11:00,2025-12-03,16:11:00,Wednesday
959,384,31,Pending,2025-03-14 12:40:00,2025-03-14,12:40:00,Friday
960,292,830,Completed,2025-03-15 09:00:00,2025-03-15,09:00:00,Saturday
961,955,181,Completed,2025-03-16 05:05:00,2025-03-16,05:05:00,Sunday
962,391,308,Completed,2025-09-03 00:59:00,2025-09-03,00:59:00,Wednesday
963,397,93,Cancelled,2025-07-03 06:39:00,2025-07-03,06:39:00,Thursday
964,563,451,Pending,2025-03-17 10:43:00,2025-03-17,10:43:00,Monday
965,285,377,Pending,2025-04-03 01:35:00,2025-04-03,01:35:00,Thursday
966,558,509,Cancelled,2025-03-13 23:25:00,2025-03-13,23:25:00,Thursday
967,890,168,Pending,2025-12-03 16:42:00,2025-12-03,16:42:00,Wednesday
968,637,37,Cancelled,2025-03-19 00:50:00,2025-03-19,00:50:00,Wednesday
969,836,408,Cancelled,2025-03-16 02:39:00,2025-03-16,02:39:00,Sunday
970,997,497,Cancelled,2025-05-03 02:55:00,2025-05-03,02:55:00,Saturday
971,596,330,Completed,2025-10-03 12:51:00,2025-10-03,12:51:00,Friday
972,623,87,Pending,2025-06-03 04:36:00,2025-06-03,04:36:00,Tuesday
973,284,559,Pending,2025-08-03 20:43:00,2025-08-03,20:43:00,Sunday
974,643,371,Cancelled,2025-03-03 19:08:00,2025-03-03,19:08:00,Monday
975,226,132,Cancelled,2025-01-03 05:18:00,2025-01-03,05:18:00,Friday
976,551,409,Completed,2025-07-03 12:50:00,2025-07-03,12:50:00,Thursday
977,853,193,Pending,2025-05-03 20:11:00,2025-05-03,20:11:00,Saturday
978,818,799,Cancelled,2025-11-03 06:11:00,2025-11-03,06:11:00,Monday
979,855,553,Completed,2025-07-03 08:39:00,2025-07-03,08:39:00,Thursday
980,925,652,Pending,2025-03-18 11:35:00,2025-03-18,11:35:00,Tuesday
981,615,839,Cancelled,2025-10-03 15:58:00,2025-10-03,15:58:00,Friday
982,670,871,Cancelled,2025-03-19 02:27:00,2025-03-19,02:27:00,Wednesday
983,300,755,Pending,2025-03-18 19:10:00,2025-03-18,19:10:00,Tuesday
984,1,368,Completed,2025-03-19 06:19:00,2025-03-19,06:19:00,Wednesday
985,380,113,Completed,2025-03-17 22:32:00,2025-03-17,22:32:00,Monday
986,915,875,Completed,2025-05-03 13:19:00,2025-05-03,13:19:00,Saturday
987,579,769,Cancelled,2025-04-03 13:27:00,2025-04-03,13:27:00,Thursday
988,272,191,Pending,2025-04-03 07:18:00,2025-04-03,07:18:00,Thursday
989,799,272,Pending,2025-08-03 13:03:00,2025-08-03,13:03:00,Sunday
990,791,943,Cancelled,2025-03-19 15:41:00,2025-03-19,15:41:00,Wednesday
991,175,984,Pending,2025-03-20 03:50:00,2025-03-20,03:50:00,Thursday
992,251,394,Completed,2025-03-17 10:54:00,2025-03-17,10:54:00,Monday
993,635,341,Cancelled,2025-03-19 12:40:00,2025-03-19,12:40:00,Wednesday
994,107,93,Cancelled,2025-03-03 22:13:00,2025-03-03,22:13:00,Monday
995,190,105,Completed,2025-10-03 00:46:00,2025-10-03,00:46:00,Friday
996,855,211,Completed,2025-03-13 19:40:00,2025-03-13,19:40:00,Thursday
997,980,746,Cancelled,2025-03-17 22:04:00,2025-03-17,22:04:00,Monday
998,832,967,Cancelled,2025-03-13 18:00:00,2025-03-13,18:00:00,Thursday
999,917,90,Completed,2025-01-03 15:31:00,2025-01-03,15:31:00,Friday
1000,596,950,Cancelled,2025-03-13 12:51:00,2025-03-13,12:51:00,Thursday
